{
 "data": "ETTh1",
 "root_path": "./datasets/",
 "data_path": "ETTh1.csv",
 "data_split": [
  8640,
  2880,
  2880
 ],
 "checkpoints": "./checkpoints/",
 "in_len": 96,
 "out_len": 24,
 "seg_len": 6,
 "win_size": 2,
 "factor": 10,
 "data_dim": 7,
 "d_model": 256,
 "d_ff": 512,
 "n_heads": 4,
 "e_layers": 3,
 "dropout": 0.2,
 "baseline": false,
 "num_workers": 0,
 "batch_size": 32,
 "train_epochs": 20,
 "patience": 3,
 "learning_rate": 0.0001,
 "lradj": "type1",
 "itr": 1,
 "save_pred": false,
 "use_gpu": true,
 "gpu": 0,
 "use_multi_gpu": false,
 "devices": "0,1,2,3"
}